VendorID,tpep_pickup_datetime,tpep_dropoff_datetime,passenger_count,trip_distance,RatecodeID,store_and_fwd_flag,PULocationID,DOLocationID,payment_type,fare_amount,extra,mta_tax,tip_amount,tolls_amount,improvement_surcharge,total_amount,congestion_surcharge
2,2019-01-01 00:32:56,2019-01-01 00:33:35,2,0.1,1,N,148,148,3,-2.5,-0.5,-0.5,0.0,0.0,-0.3,-3.8,
2,2019-01-01 00:14:18,2019-01-01 00:40:55,1,4.13,1,N,170,238,4,-19.0,-0.5,-0.5,0.0,0.0,-0.3,-20.3,
2,2019-01-01 00:31:27,2019-01-01 00:42:39,1,1.35,1,N,162,234,4,-8.5,-0.5,-0.5,0.0,0.0,-0.3,-9.8,
2,2019-01-01 00:45:57,2019-01-01 00:46:07,1,0.0,1,N,234,234,4,-2.5,-0.5,-0.5,0.0,0.0,-0.3,-3.8,
2,2019-01-01 00:48:35,2019-01-01 00:49:59,1,0.16,1,N,234,234,4,-3.0,-0.5,-0.5,0.0,0.0,-0.3,-4.3,
2,2019-01-01 00:22:13,2019-01-01 00:26:40,4,0.42,1,N,234,113,3,-4.5,-0.5,-0.5,0.0,0.0,-0.3,-5.8,
2,2019-01-01 00:43:40,2019-01-01 00:51:51,5,0.47,3,N,161,163,3,-24.0,-0.5,0.0,0.0,0.0,-0.3,-24.8,
2,2019-01-01 00:22:39,2019-01-01 00:27:20,1,0.7,2,N,142,142,2,-52.0,0.0,-0.5,0.0,0.0,-0.3,-52.8,
2,2019-01-01 00:10:25,2019-01-01 00:13:38,2,0.4,1,N,42,41,4,-4.0,-0.5,-0.5,0.0,0.0,-0.3,-5.3,
2,2019-01-01 00:55:49,2019-01-01 01:30:04,1,15.13,1,N,79,184,2,-43.5,-0.5,-0.5,0.0,0.0,-0.3,-44.8,
2,2019-01-01 00:43:53,2019-01-01 00:46:10,1,0.0,1,N,78,78,3,-3.5,-0.5,-0.5,0.0,0.0,-0.3,-4.8,
2,2019-01-01 00:45:01,2019-01-01 00:47:41,1,0.13,1,N,68,246,3,-3.5,-0.5,-0.5,0.0,0.0,-0.3,-4.8,
2,2019-01-01 00:51:47,2019-01-01 00:53:44,1,0.36,1,N,186,186,4,-3.5,-0.5,-0.5,0.0,0.0,-0.3,-4.8,
2,2019-01-01 00:19:17,2019-01-01 00:20:57,1,0.1,1,N,107,100,2,-3.0,-0.5,-0.5,0.0,0.0,-0.3,-4.3,
2,2019-01-01 01:56:23,2019-01-01 01:57:47,4,0.05,1,N,141,141,3,-3.0,-0.5,-0.5,0.0,0.0,-0.3,-4.3,
2,2019-01-01 01:03:20,2019-01-01 01:04:01,5,0.01,1,N,264,264,3,-2.5,-0.5,-0.5,0.0,0.0,-0.3,-3.8,
2,2019-01-01 01:40:36,2019-01-01 02:03:26,1,8.83,1,N,136,238,4,-27.0,-0.5,-0.5,0.0,0.0,-0.3,-28.3,
2,2019-01-01 01:25:29,2019-01-01 01:27:32,2,0.19,1,N,148,148,3,-3.5,-0.5,-0.5,0.0,0.0,-0.3,-4.8,
2,2019-01-01 01:09:15,2019-01-01 01:11:17,1,0.23,1,N,50,50,4,-3.5,-0.5,-0.5,0.0,0.0,-0.3,-4.8,
2,2019-01-01 01:23:00,2019-01-01 01:23:41,1,0.01,1,N,107,107,3,-2.5,-0.5,-0.5,0.0,0.0,-0.3,-3.8,
2,2019-01-01 01:07:10,2019-01-01 01:14:02,3,0.0,5,N,264,173,3,-33.3,0.0,0.0,0.0,0.0,-0.3,-33.6,
2,2019-01-01 01:09:04,2019-01-01 01:10:22,1,1.02,1,N,132,132,3,-5.0,-0.5,-0.5,0.0,0.0,-0.3,-6.3,
2,2019-01-01 00:33:02,2019-01-01 00:36:38,1,0.9,1,N,166,151,3,-5.0,-0.5,-0.5,0.0,0.0,-0.3,-6.3,
2,2019-01-01 01:00:03,2019-01-01 01:15:04,3,4.89,1,N,42,167,4,-16.5,-0.5,-0.5,0.0,0.0,-0.3,-17.8,
2,2019-01-01 01:35:32,2019-01-01 01:43:27,2,1.58,1,N,74,75,4,-8.0,-0.5,-0.5,0.0,0.0,-0.3,-9.3,
2,2019-01-01 01:12:25,2019-01-01 01:13:28,1,0.0,1,N,232,232,4,-3.0,-0.5,-0.5,0.0,0.0,-0.3,-4.3,
2,2019-01-01 01:44:00,2019-01-01 01:48:32,1,0.9,1,N,249,90,4,-5.0,-0.5,-0.5,0.0,0.0,-0.3,-6.3,
2,2019-01-01 01:47:41,2019-01-01 01:50:18,2,0.19,1,N,236,236,3,-3.5,-0.5,-0.5,0.0,0.0,-0.3,-4.8,
2,2019-01-01 01:50:51,2019-01-01 01:54:07,1,0.87,1,N,161,237,3,-5.0,-0.5,-0.5,0.0,0.0,-0.3,-6.3,
2,2019-01-01 01:43:14,2019-01-01 01:43:22,1,0.0,5,N,146,146,4,-30.0,0.0,0.0,0.0,0.0,-0.3,-30.3,
2,2019-01-01 01:47:10,2019-01-01 02:14:36,1,10.3,1,N,146,130,4,-33.0,-0.5,-0.5,0.0,0.0,-0.3,-34.3,
2,2019-01-01 02:44:17,2019-01-01 03:03:35,2,4.87,1,N,162,260,4,-17.0,-0.5,-0.5,0.0,0.0,-0.3,-18.3,
2,2019-01-01 02:38:50,2019-01-01 02:41:15,2,0.37,1,N,68,246,4,-3.5,-0.5,-0.5,0.0,0.0,-0.3,-4.8,
2,2019-01-01 02:01:23,2019-01-01 02:03:06,1,0.03,1,N,97,97,4,-3.0,-0.5,-0.5,0.0,0.0,-0.3,-4.3,
2,2019-01-01 02:21:32,2019-01-01 02:23:30,2,0.31,1,N,4,4,3,-3.5,-0.5,-0.5,0.0,0.0,-0.3,-4.8,
2,2019-01-01 02:14:33,2019-01-01 02:57:53,1,0.88,1,N,230,237,4,-14.0,-0.5,-0.5,0.0,0.0,-0.3,-15.3,
2,2019-01-01 02:07:50,2019-01-01 02:15:56,1,0.82,1,N,246,246,3,-6.0,-0.5,-0.5,0.0,0.0,-0.3,-7.3,
2,2019-01-01 02:07:11,2019-01-01 02:22:43,1,0.11,1,N,141,141,3,-10.0,-0.5,-0.5,0.0,0.0,-0.3,-11.3,
2,2019-01-01 02:25:41,2019-01-01 02:28:34,1,0.4,1,N,170,137,4,-4.0,-0.5,-0.5,0.0,0.0,-0.3,-5.3,
2,2019-01-01 02:21:49,2019-01-01 02:23:37,1,0.42,1,N,74,75,3,-3.5,-0.5,-0.5,0.0,0.0,-0.3,-4.8,
2,2019-01-01 02:29:13,2019-01-01 02:34:48,1,0.8,1,N,236,262,3,-6.0,-0.5,-0.5,0.0,0.0,-0.3,-7.3,
2,2019-01-01 02:34:18,2019-01-01 02:36:55,1,0.14,1,N,244,244,4,-3.5,-0.5,-0.5,0.0,0.0,-0.3,-4.8,
2,2019-01-01 02:43:58,2019-01-01 02:44:07,2,0.04,1,N,244,244,3,-2.5,-0.5,-0.5,0.0,0.0,-0.3,-3.8,
2,2019-01-01 02:14:22,2019-01-01 02:21:46,1,0.62,1,N,148,148,3,-5.0,-0.5,-0.5,0.0,0.0,-0.3,-6.3,
2,2019-01-01 02:57:30,2019-01-01 02:58:01,1,0.03,1,N,263,263,3,-2.5,-0.5,-0.5,0.0,0.0,-0.3,-3.8,
2,2019-01-01 02:57:46,2019-01-01 02:57:53,1,0.0,5,N,79,79,3,-50.0,0.0,-0.5,0.0,0.0,-0.3,-50.8,
2,2019-01-01 02:28:55,2019-01-01 02:30:24,1,0.1,1,N,170,234,3,-3.0,-0.5,-0.5,0.0,0.0,-0.3,-4.3,
2,2019-01-01 02:51:21,2019-01-01 02:53:06,1,0.13,1,N,50,50,4,-3.0,-0.5,-0.5,0.0,0.0,-0.3,-4.3,
2,2019-01-01 02:34:31,2019-01-01 02:40:50,4,0.8,1,N,179,7,2,-5.5,-0.5,-0.5,0.0,0.0,-0.3,-6.8,
2,2019-01-01 02:54:08,2019-01-01 03:05:37,1,3.54,1,N,146,223,4,-13.0,-0.5,-0.5,0.0,0.0,-0.3,-14.3,
2,2019-01-01 02:32:55,2019-01-01 02:33:32,1,0.05,5,N,166,166,4,-25.0,0.0,0.0,0.0,0.0,-0.3,-25.3,
2,2019-01-01 03:43:26,2019-01-01 03:46:27,2,0.35,1,N,87,261,4,-4.0,-0.5,-0.5,0.0,0.0,-0.3,-5.3,
2,2019-01-01 03:19:53,2019-01-01 03:20:08,1,0.0,1,N,113,113,3,-2.5,-0.5,-0.5,0.0,0.0,-0.3,-3.8,
2,2019-01-01 03:48:42,2019-01-01 03:49:13,5,0.0,1,N,166,166,4,-2.5,-0.5,-0.5,0.0,0.0,-0.3,-3.8,
2,2019-01-01 03:06:07,2019-01-01 03:09:55,1,0.67,1,N,263,236,3,-4.5,-0.5,-0.5,0.0,0.0,-0.3,-5.8,
2,2019-01-01 03:00:52,2019-01-01 03:02:03,1,0.03,1,N,170,234,4,-3.0,-0.5,-0.5,0.0,0.0,-0.3,-4.3,
2,2019-01-01 03:54:26,2019-01-01 04:12:13,1,4.02,1,N,45,181,4,-15.0,-1.0,-0.5,0.0,0.0,-0.3,-16.8,
2,2019-01-01 03:25:40,2019-01-01 03:30:38,1,0.84,1,N,234,186,3,-5.0,-0.5,-0.5,0.0,0.0,-0.3,-6.3,
2,2019-01-01 03:04:07,2019-01-01 03:04:24,1,0.01,1,N,230,230,3,-2.5,-0.5,-0.5,0.0,0.0,-0.3,-3.8,
2,2019-01-01 03:03:44,2019-01-01 03:04:15,1,0.02,1,N,226,226,4,-2.5,-0.5,-0.5,0.0,0.0,-0.3,-3.8,
2,2019-01-01 03:35:33,2019-01-01 03:35:43,6,0.0,1,N,132,132,3,-2.5,-0.5,-0.5,0.0,0.0,-0.3,-3.8,
2,2019-01-01 04:53:02,2019-01-01 04:53:22,1,0.0,1,N,168,74,3,-2.5,-0.5,-0.5,0.0,0.0,-0.3,-3.8,
2,2019-01-01 04:39:24,2019-01-01 04:39:32,5,0.03,1,N,146,146,3,-2.5,-0.5,-0.5,0.0,0.0,-0.3,-3.8,
2,2019-01-01 04:23:42,2019-01-01 04:26:52,1,0.81,1,N,75,75,3,-4.5,-0.5,-0.5,0.0,0.0,-0.3,-5.8,
2,2019-01-01 04:35:09,2019-01-01 04:35:36,1,0.3,1,N,132,132,4,-3.0,-0.5,-0.5,0.0,0.0,-0.3,-4.3,
2,2019-01-01 04:07:29,2019-01-01 04:08:43,1,0.0,5,N,264,162,4,-224.0,0.0,-0.5,0.0,0.0,-0.3,-224.8,
2,2019-01-01 04:04:01,2019-01-01 04:07:47,2,0.0,1,N,164,164,3,-4.0,-0.5,-0.5,0.0,0.0,-0.3,-5.3,
2,2019-01-01 04:34:34,2019-01-01 04:34:57,2,0.0,1,N,239,239,3,-2.5,-0.5,-0.5,0.0,0.0,-0.3,-3.8,
2,2019-01-01 04:30:11,2019-01-01 04:34:12,1,0.45,1,N,163,161,4,-4.5,-0.5,-0.5,0.0,0.0,-0.3,-5.8,
2,2019-01-01 04:23:49,2019-01-01 04:24:24,1,0.0,1,N,234,234,4,-2.5,-0.5,-0.5,0.0,0.0,-0.3,-3.8,
2,2019-01-01 04:55:12,2019-01-01 04:59:11,1,0.78,1,N,148,4,4,-5.0,-0.5,-0.5,0.0,0.0,-0.3,-6.3,
2,2019-01-01 04:37:12,2019-01-01 04:41:23,1,0.0,5,N,235,235,3,-300.0,0.0,0.0,0.0,0.0,-0.3,-300.3,
2,2019-01-01 04:43:32,2019-01-01 04:43:42,1,0.0,5,N,235,235,3,-190.0,0.0,0.0,0.0,0.0,-0.3,-190.3,
2,2019-01-01 04:46:49,2019-01-01 04:48:05,1,0.0,5,N,235,235,3,-100.0,0.0,0.0,0.0,0.0,-0.3,-100.3,
2,2019-01-01 04:50:18,2019-01-01 04:50:25,1,0.0,5,N,264,235,3,-80.0,0.0,0.0,0.0,0.0,-0.3,-80.3,
2,2019-01-01 04:15:57,2019-01-01 04:19:36,1,0.73,1,N,255,256,3,-4.5,-0.5,-0.5,0.0,0.0,-0.3,-5.8,
2,2019-01-01 04:45:41,2019-01-01 04:53:35,1,0.0,5,N,83,83,3,-21.0,0.0,0.0,0.0,0.0,-0.3,-21.3,
2,2019-01-01 04:03:22,2019-01-01 04:05:44,1,0.32,1,N,264,264,3,-3.5,-0.5,-0.5,0.0,0.0,-0.3,-4.8,
2,2019-01-01 04:40:12,2019-01-01 04:45:15,1,0.89,1,N,230,50,3,-5.5,-0.5,-0.5,0.0,0.0,-0.3,-6.8,
2,2019-01-01 05:55:09,2019-01-01 05:57:56,2,0.8,1,N,161,141,4,-4.5,-0.5,-0.5,0.0,0.0,-0.3,-5.8,
2,2019-01-01 04:56:23,2019-01-01 04:57:46,1,0.66,5,N,168,168,3,-15.0,0.0,0.0,0.0,0.0,-0.3,-15.3,
2,2019-01-01 05:13:22,2019-01-01 05:15:26,2,0.19,1,N,79,113,3,-3.5,-0.5,-0.5,0.0,0.0,-0.3,-4.8,
2,2019-01-01 05:05:50,2019-01-01 05:07:19,1,0.38,1,N,162,162,4,-3.5,-0.5,-0.5,0.0,0.0,-0.3,-4.8,
2,2019-01-01 05:02:46,2019-01-01 05:54:20,6,0.48,1,N,50,100,4,-19.5,-0.5,-0.5,0.0,0.0,-0.3,-20.8,
2,2019-01-01 05:44:18,2019-01-01 05:44:35,1,0.15,5,N,162,229,3,-40.0,0.0,-0.5,0.0,0.0,-0.3,-40.8,
2,2019-01-01 05:50:22,2019-01-01 05:50:30,1,0.0,5,N,215,215,3,-10.0,0.0,-0.5,0.0,0.0,-0.3,-10.8,
2,2019-01-01 05:15:11,2019-01-01 05:25:14,1,4.25,1,N,145,49,2,-14.0,-0.5,-0.5,0.0,0.0,-0.3,-15.3,
2,2019-01-01 05:35:15,2019-01-01 05:40:07,1,0.95,1,N,48,186,3,-5.5,-0.5,-0.5,0.0,0.0,-0.3,-6.8,
2,2019-01-01 06:28:08,2019-01-01 06:51:32,1,6.95,1,N,249,112,4,-22.5,0.0,-0.5,0.0,0.0,-0.3,-23.3,
2,2019-01-01 06:49:59,2019-01-01 06:55:27,1,0.75,1,N,164,233,4,-6.0,0.0,-0.5,0.0,0.0,-0.3,-6.8,
2,2019-01-01 06:56:47,2019-01-01 06:57:23,1,0.01,1,N,262,262,4,-2.5,0.0,-0.5,0.0,0.0,-0.3,-3.3,
2,2019-01-01 06:24:41,2019-01-01 06:25:19,1,0.05,1,N,129,129,3,-2.5,0.0,-0.5,0.0,0.0,-0.3,-3.3,
2,2019-01-01 06:01:58,2019-01-01 06:04:25,1,0.76,1,N,170,68,4,-4.5,0.0,-0.5,0.0,0.0,-0.3,-5.3,
2,2019-01-01 07:03:44,2019-01-01 07:06:07,1,0.45,1,N,80,80,3,-4.0,0.0,-0.5,0.0,0.0,-0.3,-4.8,
2,2019-01-01 07:17:20,2019-01-01 07:19:16,2,0.21,5,N,37,37,3,-130.0,0.0,0.0,0.0,0.0,-0.3,-130.3,
2,2019-01-01 07:18:21,2019-01-01 07:24:31,3,0.87,1,N,230,162,4,-6.0,0.0,-0.5,0.0,0.0,-0.3,-6.8,
2,2019-01-01 07:22:22,2019-01-01 07:22:42,2,0.0,1,N,122,122,3,-2.5,0.0,-0.5,0.0,0.0,-0.3,-3.3,
2,2019-01-01 07:38:37,2019-01-01 07:38:42,1,0.01,1,N,77,77,3,-2.5,0.0,-0.5,0.0,0.0,-0.3,-3.3,
2,2019-01-01 07:13:45,2019-01-01 07:19:25,1,1.08,1,N,161,164,4,-6.0,0.0,-0.5,0.0,0.0,-0.3,-6.8,
2,2019-01-01 07:45:55,2019-01-01 07:48:57,1,0.01,1,N,113,249,3,-4.0,0.0,-0.5,0.0,0.0,-0.3,-4.8,
2,2019-01-01 08:28:01,2019-01-01 08:30:21,2,0.04,5,N,265,265,3,-60.0,0.0,0.0,0.0,0.0,-0.3,-60.3,
2,2019-01-01 08:28:10,2019-01-01 08:52:01,1,10.01,1,N,142,138,4,-30.0,0.0,-0.5,0.0,-5.76,-0.3,-36.56,
2,2019-01-01 08:51:43,2019-01-01 08:51:46,1,0.09,1,N,226,157,3,-2.5,0.0,-0.5,0.0,0.0,-0.3,-3.3,
2,2019-01-01 08:00:48,2019-01-01 08:27:47,3,16.9,2,N,237,132,4,-52.0,0.0,-0.5,0.0,0.0,-0.3,-52.8,
2,2019-01-01 09:12:44,2019-01-01 09:12:56,1,0.0,1,N,29,29,3,-2.5,0.0,-0.5,0.0,0.0,-0.3,-3.3,
2,2019-01-01 09:38:02,2019-01-01 09:40:10,3,0.41,1,N,33,33,3,-3.5,0.0,-0.5,0.0,0.0,-0.3,-4.3,
2,2019-01-01 09:19:58,2019-01-01 09:20:08,2,0.0,1,N,76,77,3,-2.5,0.0,-0.5,0.0,0.0,-0.3,-3.3,
2,2019-01-01 09:47:25,2019-01-01 09:51:49,1,0.42,1,N,37,17,4,-5.0,0.0,-0.5,0.0,0.0,-0.3,-5.8,
2,2019-01-01 10:34:00,2019-01-01 10:36:28,1,0.36,1,N,24,166,3,-4.0,0.0,-0.5,0.0,0.0,-0.3,-4.8,
2,2019-01-01 10:14:05,2019-01-01 10:19:25,1,0.69,1,N,90,249,2,-5.5,0.0,-0.5,0.0,0.0,-0.3,-6.3,
2,2019-01-01 10:34:48,2019-01-01 10:35:18,6,0.21,1,N,239,239,3,-3.0,0.0,-0.5,0.0,0.0,-0.3,-3.8,
2,2019-01-01 10:55:23,2019-01-01 10:55:36,1,0.03,2,N,238,238,3,-52.0,0.0,-0.5,0.0,0.0,-0.3,-52.8,
2,2019-01-01 11:09:06,2019-01-01 11:12:01,1,0.41,1,N,79,113,3,-4.0,0.0,-0.5,0.0,0.0,-0.3,-4.8,
2,2019-01-01 11:38:46,2019-01-01 11:43:14,3,0.73,1,N,186,170,4,-5.0,0.0,-0.5,0.0,0.0,-0.3,-5.8,
2,2019-01-01 11:30:21,2019-01-01 11:41:57,1,4.93,1,N,145,145,4,-15.5,0.0,-0.5,0.0,0.0,-0.3,-16.3,
2,2019-01-01 11:56:56,2019-01-01 12:01:26,1,0.75,1,N,145,145,4,-5.5,0.0,-0.5,0.0,0.0,-0.3,-6.3,
2,2019-01-01 11:43:43,2019-01-01 11:43:51,0,0.0,5,N,180,180,3,-0.1,0.0,0.0,0.0,0.0,-0.3,-0.4,
2,2019-01-01 11:58:39,2019-01-01 12:38:31,2,19.01,5,N,161,265,2,-55.0,0.0,0.0,0.0,-10.5,-0.3,-65.8,
2,2019-01-01 12:35:38,2019-01-01 12:36:27,1,0.39,1,N,236,236,3,-3.0,0.0,-0.5,0.0,0.0,-0.3,-3.8,
2,2019-01-01 12:20:20,2019-01-01 12:22:57,1,0.42,1,N,230,163,3,-4.0,0.0,-0.5,0.0,0.0,-0.3,-4.8,
2,2019-01-01 12:02:08,2019-01-01 12:07:05,1,0.9,1,N,143,142,3,-5.5,0.0,-0.5,0.0,0.0,-0.3,-6.3,
2,2019-01-01 12:22:33,2019-01-01 12:29:20,1,1.18,1,N,164,68,4,-7.0,0.0,-0.5,0.0,0.0,-0.3,-7.8,
2,2019-01-01 12:47:42,2019-01-01 12:49:34,1,0.32,1,N,170,170,3,-3.5,0.0,-0.5,0.0,0.0,-0.3,-4.3,
2,2019-01-01 12:24:26,2019-01-01 12:24:46,3,0.0,1,N,231,231,3,-2.5,0.0,-0.5,0.0,0.0,-0.3,-3.3,
2,2019-01-01 12:43:24,2019-01-01 12:49:31,2,0.0,1,N,163,142,3,-5.5,0.0,-0.5,0.0,0.0,-0.3,-6.3,
2,2019-01-01 12:18:29,2019-01-01 12:19:35,2,0.09,1,N,211,211,3,-3.0,0.0,-0.5,0.0,0.0,-0.3,-3.8,
2,2019-01-01 11:59:08,2019-01-01 11:59:13,2,0.0,2,N,79,79,4,-52.0,0.0,-0.5,0.0,0.0,-0.3,-52.8,
2,2019-01-01 12:33:12,2019-01-01 12:35:08,1,0.31,1,N,142,142,3,-3.5,0.0,-0.5,0.0,0.0,-0.3,-4.3,
2,2019-01-01 12:40:49,2019-01-01 12:44:06,1,0.58,1,N,48,50,3,-4.5,0.0,-0.5,0.0,0.0,-0.3,-5.3,
2,2019-01-01 12:46:57,2019-01-01 12:51:09,1,0.95,1,N,263,75,4,-5.5,0.0,-0.5,0.0,0.0,-0.3,-6.3,
2,2019-01-01 13:19:52,2019-01-01 13:33:29,1,3.56,1,N,186,231,4,-14.0,0.0,-0.5,0.0,0.0,-0.3,-14.8,
2,2019-01-01 13:09:32,2019-01-01 13:09:49,5,0.05,1,N,170,137,3,-2.5,0.0,-0.5,0.0,0.0,-0.3,-3.3,
2,2019-01-01 13:39:47,2019-01-01 13:43:33,1,0.38,1,N,211,144,3,-4.0,0.0,-0.5,0.0,0.0,-0.3,-4.8,
2,2019-01-01 13:38:24,2019-01-01 13:41:01,1,0.41,1,N,229,141,3,-4.0,0.0,-0.5,0.0,0.0,-0.3,-4.8,
2,2019-01-01 13:15:19,2019-01-01 13:33:52,1,9.49,1,N,164,138,4,-27.5,0.0,-0.5,0.0,-5.76,-0.3,-34.06,
2,2019-01-01 13:18:38,2019-01-01 13:21:25,1,0.03,1,N,164,234,3,-3.5,0.0,-0.5,0.0,0.0,-0.3,-4.3,
2,2019-01-01 13:53:17,2019-01-01 13:54:13,3,0.12,1,N,236,236,3,-3.0,0.0,-0.5,0.0,0.0,-0.3,-3.8,
2,2019-01-01 13:58:09,2019-01-01 13:58:21,1,0.04,1,N,65,65,4,-2.5,0.0,-0.5,0.0,0.0,-0.3,-3.3,
2,2019-01-01 13:48:57,2019-01-01 13:59:15,2,0.2,1,N,162,163,4,-5.5,0.0,-0.5,0.0,0.0,-0.3,-6.3,
2,2019-01-01 14:13:09,2019-01-01 14:21:36,1,0.89,1,N,48,161,3,-7.0,0.0,-0.5,0.0,0.0,-0.3,-7.8,
2,2019-01-01 14:05:45,2019-01-01 14:18:10,1,3.04,1,N,144,209,2,-12.5,0.0,-0.5,0.0,0.0,-0.3,-13.3,
2,2019-01-01 14:55:23,2019-01-01 14:56:28,1,0.11,1,N,148,148,3,-3.0,0.0,-0.5,0.0,0.0,-0.3,-3.8,
2,2019-01-01 14:08:31,2019-01-01 14:08:39,2,0.0,1,N,237,43,4,-2.5,0.0,-0.5,0.0,0.0,-0.3,-3.3,
2,2019-01-01 14:12:08,2019-01-01 14:13:00,1,0.07,1,N,79,79,3,-2.5,0.0,-0.5,0.0,0.0,-0.3,-3.3,
2,2019-01-01 14:40:07,2019-01-01 14:50:44,3,1.82,1,N,234,233,4,-9.0,0.0,-0.5,0.0,0.0,-0.3,-9.8,
2,2019-01-01 14:25:40,2019-01-01 14:43:19,4,4.28,1,N,100,13,4,-16.5,0.0,-0.5,0.0,0.0,-0.3,-17.3,
2,2019-01-01 14:12:02,2019-01-01 14:16:21,1,0.18,1,N,142,43,4,-4.5,0.0,-0.5,0.0,0.0,-0.3,-5.3,
2,2019-01-01 14:54:01,2019-01-01 14:58:54,5,0.48,1,N,163,163,4,-5.0,0.0,-0.5,0.0,0.0,-0.3,-5.8,
2,2019-01-01 14:11:31,2019-01-01 14:17:15,1,0.81,1,N,162,230,3,-5.5,0.0,-0.5,0.0,0.0,-0.3,-6.3,
2,2019-01-01 14:06:28,2019-01-01 14:09:12,1,0.4,1,N,74,41,4,-4.0,0.0,-0.5,0.0,0.0,-0.3,-4.8,
2,2019-01-01 14:22:35,2019-01-01 14:22:43,1,0.04,1,N,197,197,3,-2.5,0.0,-0.5,0.0,0.0,-0.3,-3.3,
2,2019-01-01 14:48:32,2019-01-01 14:52:57,1,0.47,1,N,209,261,3,-4.5,0.0,-0.5,0.0,0.0,-0.3,-5.3,
2,2019-01-01 14:18:17,2019-01-01 14:18:23,2,0.0,2,N,132,132,3,-52.0,0.0,-0.5,0.0,0.0,-0.3,-52.8,
2,2019-01-01 15:04:31,2019-01-01 15:10:00,1,0.81,1,N,238,151,4,-6.0,0.0,-0.5,0.0,0.0,-0.3,-6.8,
2,2019-01-01 15:57:48,2019-01-01 16:01:45,1,0.6,1,N,163,229,4,-4.5,0.0,-0.5,0.0,0.0,-0.3,-5.3,
2,2019-01-01 15:25:41,2019-01-01 15:27:34,1,0.81,1,N,79,170,4,-4.5,0.0,-0.5,-1.0,0.0,-0.3,-6.3,
2,2019-01-01 15:10:12,2019-01-01 15:10:51,1,0.06,1,N,132,132,4,-2.5,0.0,-0.5,0.0,0.0,-0.3,-3.3,
2,2019-01-01 15:06:46,2019-01-01 15:07:17,1,0.0,1,N,68,68,3,-2.5,0.0,-0.5,0.0,0.0,-0.3,-3.3,
2,2019-01-01 15:17:41,2019-01-01 15:20:10,1,0.41,1,N,79,113,4,-4.0,0.0,-0.5,0.0,0.0,-0.3,-4.8,
2,2019-01-01 15:04:07,2019-01-01 15:04:40,1,0.0,1,N,138,138,3,-2.5,0.0,-0.5,0.0,0.0,-0.3,-3.3,
2,2019-01-01 15:46:07,2019-01-01 15:50:44,5,0.95,1,N,186,234,4,-5.5,0.0,-0.5,0.0,0.0,-0.3,-6.3,
2,2019-01-01 15:00:42,2019-01-01 15:03:51,1,0.73,1,N,239,238,4,-4.5,0.0,-0.5,0.0,0.0,-0.3,-5.3,
2,2019-01-01 15:17:09,2019-01-01 15:27:10,3,1.23,1,N,100,100,4,-8.0,0.0,-0.5,0.0,0.0,-0.3,-8.8,
2,2019-01-01 15:43:08,2019-01-01 15:44:43,1,0.4,1,N,162,170,3,-3.5,0.0,-0.5,0.0,0.0,-0.3,-4.3,
2,2019-01-01 16:44:17,2019-01-01 16:44:26,4,0.04,2,N,132,132,3,-52.0,0.0,-0.5,0.0,0.0,-0.3,-52.8,
2,2019-01-01 16:03:44,2019-01-01 16:04:30,1,0.17,1,N,141,141,3,-2.5,0.0,-0.5,0.0,0.0,-0.3,-3.3,
2,2019-01-01 16:18:12,2019-01-01 16:30:03,1,2.25,1,N,144,158,4,-10.0,0.0,-0.5,0.0,0.0,-0.3,-10.8,
2,2019-01-01 16:02:07,2019-01-01 16:09:48,5,0.82,1,N,164,170,4,-6.5,0.0,-0.5,0.0,0.0,-0.3,-7.3,
2,2019-01-01 16:32:14,2019-01-01 16:37:45,5,0.99,1,N,237,236,4,-6.0,0.0,-0.5,0.0,0.0,-0.3,-6.8,
2,2019-01-01 17:22:14,2019-01-01 17:24:48,1,0.36,1,N,230,170,3,-3.5,0.0,-0.5,0.0,0.0,-0.3,-4.3,
2,2019-01-01 17:26:25,2019-01-01 17:28:32,1,0.24,1,N,233,162,4,-3.5,0.0,-0.5,0.0,0.0,-0.3,-4.3,
2,2019-01-01 17:28:26,2019-01-01 17:28:42,1,0.04,1,N,132,132,4,-2.5,0.0,-0.5,0.0,0.0,-0.3,-3.3,
2,2019-01-01 17:43:41,2019-01-01 17:44:07,1,0.0,1,N,79,79,3,-2.5,0.0,-0.5,0.0,0.0,-0.3,-3.3,
2,2019-01-01 17:31:49,2019-01-01 17:32:05,1,0.0,1,N,264,264,3,-2.5,0.0,-0.5,0.0,0.0,-0.3,-3.3,
2,2019-01-01 17:55:36,2019-01-01 18:33:09,3,18.07,2,N,132,163,4,-52.0,-4.5,-0.5,0.0,-5.76,-0.3,-63.06,
2,2019-01-01 17:53:17,2019-01-01 17:54:27,2,0.03,1,N,229,229,4,-3.0,0.0,-0.5,0.0,0.0,-0.3,-3.8,
2,2019-01-01 18:38:10,2019-01-01 18:39:35,2,0.26,2,N,75,75,3,-52.0,0.0,-0.5,0.0,0.0,-0.3,-52.8,
2,2019-01-01 18:03:19,2019-01-01 18:03:37,2,0.04,1,N,166,166,3,-2.5,0.0,-0.5,0.0,0.0,-0.3,-3.3,
2,2019-01-01 18:05:26,2019-01-01 18:05:31,2,0.0,2,N,138,138,3,-52.0,0.0,-0.5,0.0,0.0,-0.3,-52.8,
2,2019-01-01 18:39:16,2019-01-01 18:40:50,3,0.6,1,N,43,239,4,-4.0,0.0,-0.5,0.0,0.0,-0.3,-4.8,
2,2019-01-01 18:03:44,2019-01-01 18:03:47,1,0.0,1,N,100,186,4,-2.5,0.0,-0.5,0.0,0.0,-0.3,-3.3,
2,2019-01-01 18:01:25,2019-01-01 18:05:26,1,0.83,1,N,164,230,3,-5.0,0.0,-0.5,0.0,0.0,-0.3,-5.8,
2,2019-01-01 18:45:29,2019-01-01 18:50:28,1,0.99,1,N,79,137,3,-6.0,0.0,-0.5,0.0,0.0,-0.3,-6.8,
2,2019-01-01 18:25:16,2019-01-01 18:25:24,1,0.0,2,N,142,43,3,-52.0,0.0,-0.5,0.0,0.0,-0.3,-52.8,
2,2019-01-01 18:54:04,2019-01-01 18:56:12,5,0.19,1,N,162,161,3,-3.0,0.0,-0.5,0.0,0.0,-0.3,-3.8,
2,2019-01-01 18:13:14,2019-01-01 18:19:02,1,0.83,1,N,151,151,3,-5.5,0.0,-0.5,0.0,0.0,-0.3,-6.3,
2,2019-01-01 17:29:01,2019-01-01 18:56:49,2,0.0,5,N,10,132,4,-65.0,0.0,0.0,0.0,0.0,0.0,-65.0,
2,2019-01-01 18:29:23,2019-01-01 18:36:20,1,0.41,1,N,230,48,3,-4.5,0.0,-0.5,0.0,0.0,-0.3,-5.3,
2,2019-01-01 18:23:28,2019-01-01 18:23:42,1,0.0,1,N,62,62,3,-2.5,0.0,-0.5,0.0,0.0,-0.3,-3.3,
2,2019-01-01 18:07:06,2019-01-01 18:10:09,1,0.67,1,N,229,162,3,-4.0,0.0,-0.5,0.0,0.0,-0.3,-4.8,
2,2019-01-01 19:39:35,2019-01-01 19:40:45,2,0.28,1,N,263,262,3,-3.0,0.0,-0.5,0.0,0.0,-0.3,-3.8,
2,2019-01-01 19:28:32,2019-01-01 19:28:42,3,0.01,1,N,132,132,3,-2.5,0.0,-0.5,0.0,0.0,-0.3,-3.3,
2,2019-01-01 19:02:53,2019-01-01 19:04:22,2,0.49,1,N,142,142,4,-3.5,0.0,-0.5,0.0,0.0,-0.3,-4.3,
2,2019-01-01 19:11:06,2019-01-01 19:11:40,1,0.07,1,N,144,144,3,-2.5,0.0,-0.5,0.0,0.0,-0.3,-3.3,
2,2019-01-01 19:54:56,2019-01-01 19:54:59,1,0.0,1,N,132,132,3,-2.5,0.0,-0.5,0.0,0.0,-0.3,-3.3,
2,2019-01-01 19:18:08,2019-01-01 19:22:25,6,0.0,1,N,263,263,3,-2.5,0.0,-0.5,0.0,0.0,-0.3,-3.3,
2,2019-01-01 19:53:31,2019-01-01 20:01:21,1,0.41,1,N,158,90,3,-6.5,0.0,-0.5,0.0,0.0,-0.3,-7.3,
2,2019-01-01 18:57:35,2019-01-01 18:57:55,1,0.03,1,N,143,143,3,-2.5,0.0,-0.5,0.0,0.0,-0.3,-3.3,
2,2019-01-01 19:39:27,2019-01-01 19:47:30,1,0.71,1,N,100,230,3,-6.5,0.0,-0.5,0.0,0.0,-0.3,-7.3,
2,2019-01-01 19:47:34,2019-01-02 18:52:06,1,0.11,5,N,1,1,4,-142.06,0.0,0.0,0.0,0.0,-0.3,-142.36,
2,2019-01-01 20:56:36,2019-01-01 21:00:38,1,0.59,1,N,244,116,4,-4.5,-0.5,-0.5,0.0,0.0,-0.3,-5.8,
2,2019-01-01 20:37:49,2019-01-01 20:40:02,1,0.78,1,N,193,7,3,-4.0,-0.5,-0.5,0.0,0.0,-0.3,-5.3,
2,2019-01-01 20:02:23,2019-01-01 20:08:28,2,0.71,1,N,43,230,4,-5.5,-0.5,-0.5,0.0,0.0,-0.3,-6.8,
2,2019-01-01 20:26:02,2019-01-01 20:27:57,1,0.37,1,N,263,263,4,-3.5,-0.5,-0.5,0.0,0.0,-0.3,-4.8,
2,2019-01-01 20:25:05,2019-01-01 20:30:33,5,0.51,1,N,237,161,4,-5.5,-0.5,-0.5,0.0,0.0,-0.3,-6.8,
2,2019-01-01 20:46:43,2019-01-01 20:53:08,1,1.1,1,N,163,230,3,-6.5,-0.5,-0.5,0.0,0.0,-0.3,-7.8,
2,2019-01-01 20:41:26,2019-01-01 20:45:41,1,0.27,1,N,100,100,3,-4.5,-0.5,-0.5,0.0,0.0,-0.3,-5.8,
2,2019-01-01 20:10:13,2019-01-01 20:10:31,1,0.0,2,N,148,79,4,-52.0,0.0,-0.5,0.0,0.0,-0.3,-52.8,
2,2019-01-01 20:04:38,2019-01-01 20:07:27,1,0.29,1,N,164,234,3,-3.5,-0.5,-0.5,0.0,0.0,-0.3,-4.8,
2,2019-01-01 20:58:40,2019-01-01 21:04:19,1,0.0,1,N,219,219,4,-5.0,-0.5,-0.5,0.0,0.0,-0.3,-6.3,
2,2019-01-01 20:49:40,2019-01-01 20:52:33,3,0.93,1,N,236,75,3,-5.0,-0.5,-0.5,0.0,0.0,-0.3,-6.3,
2,2019-01-01 20:30:47,2019-01-01 21:02:12,1,17.04,2,N,132,162,4,-52.0,0.0,-0.5,0.0,-5.76,-0.3,-58.56,
2,2019-01-01 21:10:14,2019-01-01 21:10:15,1,2.31,1,N,142,161,2,-10.0,-0.5,-0.5,0.0,0.0,-0.3,-11.3,
2,2019-01-01 21:36:34,2019-01-01 21:43:38,1,0.55,1,N,238,238,4,-6.0,-0.5,-0.5,0.0,0.0,-0.3,-7.3,
2,2019-01-01 21:52:21,2019-01-01 21:54:22,1,0.34,1,N,238,238,4,-3.5,-0.5,-0.5,0.0,0.0,-0.3,-4.8,
2,2019-01-01 21:06:35,2019-01-01 21:07:50,1,0.33,1,N,216,216,3,-3.5,-0.5,-0.5,0.0,0.0,-0.3,-4.8,
2,2019-01-01 21:21:18,2019-01-01 21:25:57,2,0.65,1,N,50,48,4,-5.0,-0.5,-0.5,0.0,0.0,-0.3,-6.3,
2,2019-01-01 21:11:51,2019-01-01 21:12:06,1,0.0,5,N,186,186,4,-50.0,0.0,-0.5,0.0,0.0,-0.3,-50.8,
2,2019-01-01 21:56:55,2019-01-01 22:27:34,2,19.31,2,N,132,194,4,-52.0,0.0,-0.5,0.0,-5.76,-0.3,-58.56,
2,2019-01-01 21:35:03,2019-01-01 21:37:31,1,0.12,1,N,100,100,4,-3.5,-0.5,-0.5,0.0,0.0,-0.3,-4.8,
2,2019-01-01 21:14:40,2019-01-01 21:19:50,1,0.9,1,N,152,116,4,-6.0,-0.5,-0.5,0.0,0.0,-0.3,-7.3,
2,2019-01-01 21:41:35,2019-01-01 21:44:51,1,0.57,1,N,24,43,2,-4.5,-0.5,-0.5,0.0,0.0,-0.3,-5.8,
2,2019-01-01 22:09:13,2019-01-01 22:09:16,1,0.06,1,N,233,233,3,-2.5,-0.5,-0.5,0.0,0.0,-0.3,-3.8,
2,2019-01-01 22:44:18,2019-01-01 22:47:32,5,0.57,1,N,234,164,4,-4.5,-0.5,-0.5,0.0,0.0,-0.3,-5.8,
2,2019-01-01 22:38:20,2019-01-01 22:40:31,5,0.54,1,N,141,263,3,-4.0,-0.5,-0.5,0.0,0.0,-0.3,-5.3,
2,2019-01-01 22:31:36,2019-01-01 22:35:20,1,0.58,1,N,229,229,3,-4.5,-0.5,-0.5,0.0,0.0,-0.3,-5.8,
2,2019-01-01 22:28:53,2019-01-01 22:31:19,1,0.45,1,N,48,48,2,-4.0,-0.5,-0.5,0.0,0.0,-0.3,-5.3,
2,2019-01-01 22:57:29,2019-01-01 23:16:04,1,0.68,1,N,164,107,4,-12.0,-0.5,-0.5,0.0,0.0,-0.3,-13.3,
2,2019-01-01 22:46:40,2019-01-01 22:46:48,1,0.0,1,N,132,132,4,-2.5,-0.5,-0.5,0.0,0.0,-0.3,-3.8,
2,2019-01-01 23:57:18,2019-01-01 23:57:30,1,0.02,1,N,132,132,3,-2.5,-0.5,-0.5,0.0,0.0,-0.3,-3.8,
2,2019-01-01 23:57:32,2019-01-01 23:57:34,2,0.0,1,N,264,132,3,-2.5,-0.5,-0.5,0.0,0.0,-0.3,-3.8,
2,2019-01-01 23:54:58,2019-01-01 23:55:14,1,0.05,1,N,132,132,3,-2.5,-0.5,-0.5,0.0,0.0,-0.3,-3.8,
2,2019-01-01 23:50:02,2019-01-01 23:50:52,1,0.07,1,N,48,48,3,-2.5,-0.5,-0.5,0.0,0.0,-0.3,-3.8,
2,2019-01-01 23:20:45,2019-01-01 23:23:17,1,0.25,1,N,234,107,4,-3.5,-0.5,-0.5,0.0,0.0,-0.3,-4.8,
2,2019-01-01 23:21:29,2019-01-01 23:24:46,1,0.83,1,N,107,4,4,-5.0,-0.5,-0.5,0.0,0.0,-0.3,-6.3,
2,2019-01-01 23:38:53,2019-01-01 23:41:20,1,0.44,1,N,186,100,4,-4.0,-0.5,-0.5,0.0,0.0,-0.3,-5.3,
2,2019-01-01 23:53:18,2019-01-01 23:54:27,1,0.2,1,N,234,170,3,-3.0,-0.5,-0.5,0.0,0.0,-0.3,-4.3,
2,2019-01-02 00:55:49,2019-01-02 00:59:40,1,0.83,1,N,238,239,4,-5.0,-0.5,-0.5,0.0,0.0,-0.3,-6.3,
2,2019-01-02 00:31:00,2019-01-02 00:31:46,5,0.04,1,N,74,74,3,-2.5,-0.5,-0.5,0.0,0.0,-0.3,-3.8,
2,2019-01-02 00:40:14,2019-01-02 00:41:49,1,0.0,2,N,59,59,3,-52.0,0.0,-0.5,0.0,0.0,-0.3,-52.8,
2,2019-01-02 00:47:10,2019-01-02 01:10:28,1,8.6,1,N,249,168,2,-27.5,-0.5,-0.5,0.0,0.0,-0.3,-28.8,
2,2019-01-02 00:19:22,2019-01-02 00:19:29,1,0.01,1,N,264,132,3,-2.5,-0.5,-0.5,0.0,0.0,-0.3,-3.8,
2,2019-01-02 00:54:31,2019-01-02 00:58:11,1,0.47,1,N,113,113,4,-4.0,-0.5,-0.5,0.0,0.0,-0.3,-5.3,
2,2019-01-02 00:53:21,2019-01-02 00:53:27,1,0.0,5,N,226,226,4,-13.0,0.0,0.0,2.66,0.0,-0.3,-10.64,
2,2019-01-02 00:07:34,2019-01-02 00:08:16,1,0.16,1,N,79,79,4,-3.0,-0.5,-0.5,0.0,0.0,-0.3,-4.3,
2,2019-01-02 00:06:32,2019-01-02 00:11:17,1,0.71,1,N,164,68,4,-5.0,-0.5,-0.5,0.0,0.0,-0.3,-6.3,
2,2019-01-02 00:39:33,2019-01-02 00:40:02,1,0.01,1,N,114,249,4,-2.5,-0.5,-0.5,0.0,0.0,-0.3,-3.8,
2,2019-01-02 01:03:10,2019-01-02 01:04:47,1,0.33,1,N,164,234,4,-3.5,-0.5,-0.5,0.0,0.0,-0.3,-4.8,
2,2019-01-02 01:09:17,2019-01-02 01:12:04,1,0.47,1,N,79,107,3,-4.0,-0.5,-0.5,0.0,0.0,-0.3,-5.3,
2,2019-01-02 01:45:00,2019-01-02 01:46:45,1,0.23,1,N,234,107,4,-3.5,-0.5,-0.5,0.0,0.0,-0.3,-4.8,
2,2019-01-02 02:33:41,2019-01-02 02:34:03,1,0.02,1,N,249,113,4,-2.5,-0.5,-0.5,0.0,0.0,-0.3,-3.8,
2,2019-01-02 02:28:43,2019-01-02 02:35:36,2,0.25,1,N,170,170,3,-3.0,-0.5,-0.5,0.0,0.0,-0.3,-4.3,
2,2019-01-02 02:41:24,2019-01-02 02:42:56,4,0.34,1,N,69,69,3,-3.5,-0.5,-0.5,0.0,0.0,-0.3,-4.8,
2,2019-01-02 03:43:45,2019-01-02 03:44:30,1,0.24,1,N,4,79,3,-3.0,-0.5,-0.5,0.0,0.0,-0.3,-4.3,
2,2019-01-02 03:32:12,2019-01-02 03:35:00,1,0.33,1,N,226,226,3,-4.0,-0.5,-0.5,-0.01,0.0,-0.3,-5.31,
2,2019-01-02 04:10:13,2019-01-02 04:16:13,3,0.81,1,N,186,170,4,-6.0,-0.5,-0.5,0.0,0.0,-0.3,-7.3,
2,2019-01-02 04:39:24,2019-01-02 04:39:51,1,0.0,1,N,264,100,3,-2.5,-0.5,-0.5,0.0,0.0,-0.3,-3.8,
2,2019-01-02 04:14:31,2019-01-02 04:19:39,1,0.85,1,N,141,162,4,-5.5,-0.5,-0.5,0.0,0.0,-0.3,-6.8,
2,2019-01-02 04:15:10,2019-01-02 04:18:05,1,0.03,1,N,79,79,3,-3.5,-0.5,-0.5,0.0,0.0,-0.3,-4.8,
2,2019-01-02 05:22:59,2019-01-02 05:23:08,1,0.12,1,N,259,240,3,-2.5,-0.5,-0.5,0.0,0.0,-0.3,-3.8,
2,2019-01-02 05:52:59,2019-01-02 05:53:08,1,0.0,1,N,254,254,3,-2.5,-0.5,-0.5,0.0,0.0,-0.3,-3.8,
2,2019-01-02 05:17:23,2019-01-02 05:19:08,1,0.56,1,N,79,107,4,-3.5,-0.5,-0.5,0.0,0.0,-0.3,-4.8,
2,2019-01-02 05:49:27,2019-01-02 05:49:31,1,0.0,1,N,264,86,3,-2.5,-0.5,-0.5,0.0,0.0,-0.3,-3.8,
2,2019-01-02 06:45:08,2019-01-02 06:48:24,2,0.75,1,N,186,100,4,-4.5,0.0,-0.5,0.0,0.0,-0.3,-5.3,
2,2019-01-02 06:53:59,2019-01-02 06:54:27,2,0.02,1,N,76,76,3,-2.5,0.0,-0.5,0.0,0.0,-0.3,-3.3,
2,2019-01-02 06:47:58,2019-01-02 06:48:13,1,0.0,1,N,262,262,4,-2.5,0.0,-0.5,0.0,0.0,-0.3,-3.3,
2,2019-01-02 06:07:42,2019-01-02 06:14:11,1,1.35,1,N,186,162,4,-7.0,0.0,-0.5,0.0,0.0,-0.3,-7.8,
2,2019-01-02 06:13:05,2019-01-02 06:20:35,1,1.93,1,N,186,237,4,-8.5,0.0,-0.5,0.0,0.0,-0.3,-9.3,
2,2019-01-02 06:37:38,2019-01-02 06:42:33,1,1.18,1,N,186,164,4,-6.0,0.0,-0.5,0.0,0.0,-0.3,-6.8,
2,2019-01-02 06:59:43,2019-01-02 07:12:50,1,3.54,1,N,107,236,4,-12.5,0.0,-0.5,0.0,0.0,-0.3,-13.3,
2,2019-01-02 06:15:12,2019-01-02 06:16:59,1,0.34,1,N,264,264,3,-3.5,0.0,-0.5,0.0,0.0,-0.3,-4.3,
2,2019-01-02 06:24:46,2019-01-02 06:26:22,4,0.48,1,N,100,230,3,-3.5,0.0,-0.5,0.0,0.0,-0.3,-4.3,
2,2019-01-02 06:21:24,2019-01-02 06:21:33,5,0.0,1,N,250,250,4,-2.5,0.0,-0.5,0.0,0.0,-0.3,-3.3,
2,2019-01-02 05:21:58,2019-01-02 05:23:14,5,0.55,1,N,263,75,3,-3.5,0.0,-0.5,0.0,0.0,-0.3,-4.3,
2,2019-01-02 06:39:47,2019-01-02 06:42:15,6,0.22,1,N,234,234,4,-3.5,0.0,-0.5,0.0,0.0,-0.3,-4.3,
2,2019-01-02 07:51:10,2019-01-02 07:54:15,1,0.0,1,N,193,193,3,-3.5,0.0,-0.5,0.0,0.0,-0.3,-4.3,
2,2019-01-02 07:52:45,2019-01-02 07:59:08,2,0.59,1,N,100,230,3,-5.5,0.0,-0.5,0.0,0.0,-0.3,-6.3,
2,2019-01-02 07:29:11,2019-01-02 07:29:17,1,0.0,1,N,85,85,3,-2.5,0.0,-0.5,0.0,0.0,-0.3,-3.3,
2,2019-01-02 07:18:16,2019-01-02 07:20:23,1,0.33,1,N,161,161,4,-3.5,0.0,-0.5,0.0,0.0,-0.3,-4.3,
2,2019-01-02 07:14:29,2019-01-02 07:14:35,1,0.0,1,N,264,77,3,-2.5,0.0,-0.5,0.0,0.0,-0.3,-3.3,
2,2019-01-02 07:04:01,2019-01-02 07:10:14,1,0.0,5,N,115,115,3,-0.01,0.0,0.0,0.0,0.0,-0.3,-0.31,
2,2019-01-02 07:26:03,2019-01-02 08:05:47,1,11.86,1,N,186,14,2,-40.0,0.0,-0.5,0.0,0.0,-0.3,-40.8,
2,2019-01-02 07:07:52,2019-01-02 07:11:01,1,0.56,1,N,132,132,3,-4.5,0.0,-0.5,0.0,0.0,-0.3,-5.3,
2,2019-01-02 07:12:52,2019-01-02 07:14:18,1,0.34,1,N,137,137,3,-3.0,0.0,-0.5,0.0,0.0,-0.3,-3.8,
2,2019-01-02 07:08:10,2019-01-02 07:12:19,2,0.32,1,N,90,90,3,-4.0,0.0,-0.5,0.0,0.0,-0.3,-4.8,
2,2019-01-02 07:55:48,2019-01-02 07:56:48,1,0.36,1,N,68,68,4,-3.0,0.0,-0.5,0.0,0.0,-0.3,-3.8,
2,2019-01-02 07:06:17,2019-01-02 07:27:57,0,0.0,5,N,180,180,3,-0.1,0.0,0.0,0.0,0.0,-0.3,-0.4,
2,2019-01-02 08:29:23,2019-01-02 08:46:00,1,1.62,1,N,246,161,4,-11.5,0.0,-0.5,0.0,0.0,-0.3,-12.3,
2,2019-01-02 08:21:15,2019-01-02 08:21:24,1,0.0,1,N,35,35,3,-2.5,0.0,-0.5,0.0,0.0,-0.3,-3.3,
2,2019-01-02 08:24:02,2019-01-02 08:24:11,1,0.0,3,N,162,162,4,-20.0,0.0,0.0,0.0,0.0,-0.3,-20.3,
2,2019-01-02 08:06:01,2019-01-02 08:07:48,1,0.07,1,N,48,48,4,-3.0,0.0,-0.5,0.0,0.0,-0.3,-3.8,
2,2019-01-02 08:49:30,2019-01-02 08:49:52,1,0.0,1,N,107,107,3,-2.5,0.0,-0.5,0.0,0.0,-0.3,-3.3,
2,2019-01-02 08:17:04,2019-01-02 08:24:12,1,1.63,1,N,43,263,4,-7.0,0.0,-0.5,0.0,0.0,-0.3,-7.8,
2,2019-01-02 08:59:11,2019-01-02 09:37:07,1,19.91,3,N,230,1,4,-73.5,0.0,0.0,0.0,-21.0,-0.3,-94.8,
2,2019-01-02 05:38:41,2019-01-03 04:41:54,5,0.81,1,N,249,90,3,-4.5,0.0,-0.5,0.0,0.0,-0.3,-5.3,
2,2019-01-02 08:01:23,2019-01-02 08:07:21,1,0.7,1,N,249,114,4,-6.0,0.0,-0.5,0.0,0.0,-0.3,-6.8,
2,2019-01-02 08:22:20,2019-01-02 08:27:15,1,0.51,1,N,170,100,3,-5.0,0.0,-0.5,0.0,0.0,-0.3,-5.8,
2,2019-01-02 09:36:34,2019-01-02 09:42:19,1,0.69,1,N,246,100,4,-5.5,0.0,-0.5,0.0,0.0,-0.3,-6.3,
2,2019-01-02 09:04:41,2019-01-02 09:07:28,1,0.48,1,N,262,263,3,-4.0,0.0,-0.5,0.0,0.0,-0.3,-4.8,
2,2019-01-02 09:17:07,2019-01-02 09:20:38,1,0.64,1,N,158,249,4,-4.5,0.0,-0.5,0.0,0.0,-0.3,-5.3,
2,2019-01-02 09:48:10,2019-01-02 09:48:39,1,0.02,1,N,132,132,3,-2.5,0.0,-0.5,0.0,0.0,-0.3,-3.3,
2,2019-01-02 09:23:46,2019-01-02 09:35:37,1,0.83,1,N,229,237,4,-8.0,0.0,-0.5,0.0,0.0,-0.3,-8.8,
2,2019-01-02 09:00:40,2019-01-02 09:01:17,2,0.54,1,N,96,96,4,-3.5,0.0,-0.5,0.0,0.0,-0.3,-4.3,
2,2019-01-02 09:47:24,2019-01-02 09:49:22,1,0.0,1,N,170,170,3,-3.0,0.0,-0.5,0.0,0.0,-0.3,-3.8,
2,2019-01-02 09:09:28,2019-01-02 09:09:41,2,0.02,1,N,113,113,3,-2.5,0.0,-0.5,0.0,0.0,-0.3,-3.3,
2,2019-01-02 09:37:42,2019-01-02 09:37:51,1,0.0,1,N,237,237,4,-2.5,0.0,-0.5,0.0,0.0,-0.3,-3.3,
2,2019-01-02 10:06:29,2019-01-02 10:08:28,1,0.42,1,N,90,90,2,-3.5,0.0,-0.5,0.0,0.0,-0.3,-4.3,
2,2019-01-02 10:41:57,2019-01-02 10:45:07,5,0.56,1,N,50,48,3,-4.0,0.0,-0.5,0.0,0.0,-0.3,-4.8,
2,2019-01-02 10:36:53,2019-01-02 10:36:57,2,0.0,1,N,264,193,3,-2.5,0.0,-0.5,0.0,0.0,-0.3,-3.3,
2,2019-01-02 10:23:24,2019-01-02 10:24:22,1,0.32,1,N,79,107,3,-3.0,0.0,-0.5,0.0,0.0,-0.3,-3.8,
2,2019-01-02 10:49:58,2019-01-02 11:02:02,1,2.12,1,N,238,230,4,-10.0,0.0,-0.5,0.0,0.0,-0.3,-10.8,
2,2019-01-02 10:24:04,2019-01-02 10:52:19,2,12.77,1,N,186,167,4,-38.5,0.0,-0.5,0.0,0.0,-0.3,-39.3,
2,2019-01-02 10:53:57,2019-01-02 10:54:08,5,0.0,1,N,140,140,4,-2.5,0.0,-0.5,0.0,0.0,-0.3,-3.3,
2,2019-01-02 10:59:05,2019-01-02 10:59:30,2,0.35,5,N,14,14,3,-1.7,0.0,-0.5,0.0,0.0,-0.3,-2.5,
2,2019-01-02 10:04:22,2019-01-02 10:04:35,1,0.0,1,N,90,234,4,-2.5,0.0,-0.5,0.0,0.0,-0.3,-3.3,
2,2019-01-02 11:08:28,2019-01-02 11:12:40,1,0.66,1,N,41,41,3,-5.0,0.0,-0.5,0.0,0.0,-0.3,-5.8,
2,2019-01-02 11:53:09,2019-01-02 11:53:23,1,0.0,1,N,74,74,3,-2.5,0.0,-0.5,0.0,0.0,-0.3,-3.3,
2,2019-01-02 11:21:20,2019-01-02 11:23:36,1,0.35,1,N,161,161,3,-3.5,0.0,-0.5,0.0,0.0,-0.3,-4.3,
2,2019-01-02 11:59:44,2019-01-02 12:22:43,2,5.6,1,N,161,148,2,-22.0,0.0,-0.5,0.0,0.0,-0.3,-22.8,
2,2019-01-02 11:06:08,2019-01-02 11:34:50,2,8.04,1,N,167,242,4,-28.0,0.0,-0.5,0.0,0.0,-0.3,-28.8,
2,2019-01-02 11:13:40,2019-01-02 11:27:02,1,2.37,1,N,148,170,4,-11.0,0.0,-0.5,0.0,0.0,-0.3,-11.8,
2,2019-01-02 11:28:19,2019-01-02 11:31:44,5,0.47,1,N,239,239,4,-4.0,0.0,-0.5,0.0,0.0,-0.3,-4.8,
2,2019-01-02 11:44:26,2019-01-02 11:44:34,1,0.0,1,N,264,264,4,-2.5,0.0,-0.5,0.0,0.0,-0.3,-3.3,
2,2019-01-02 11:27:36,2019-01-02 11:29:16,1,0.62,1,N,249,249,3,-4.0,0.0,-0.5,0.0,0.0,-0.3,-4.8,
2,2019-01-02 12:38:31,2019-01-02 12:44:32,1,0.55,2,N,230,161,3,-52.0,0.0,-0.5,0.0,0.0,-0.3,-52.8,
2,2019-01-02 12:10:01,2019-01-02 12:11:07,1,0.03,1,N,107,107,3,-3.0,0.0,-0.5,0.0,0.0,-0.3,-3.8,
2,2019-01-02 12:29:18,2019-01-02 12:33:55,2,0.03,1,N,238,238,4,-4.5,0.0,-0.5,0.0,0.0,-0.3,-5.3,
2,2019-01-02 12:38:25,2019-01-02 12:39:23,1,0.01,2,N,230,230,3,-52.0,0.0,-0.5,0.0,0.0,-0.3,-52.8,
2,2019-01-02 12:09:02,2019-01-02 12:17:55,1,1.35,1,N,68,234,4,-7.5,0.0,-0.5,0.0,0.0,-0.3,-8.3,
2,2019-01-02 12:28:58,2019-01-02 12:46:42,1,2.57,1,N,113,237,4,-13.5,0.0,-0.5,0.0,0.0,-0.3,-14.3,
2,2019-01-02 12:53:52,2019-01-02 13:03:38,2,1.5,1,N,75,237,4,-8.0,0.0,-0.5,0.0,0.0,-0.3,-8.8,
2,2019-01-02 12:34:51,2019-01-02 12:37:51,1,0.47,1,N,161,164,4,-4.0,0.0,-0.5,0.0,0.0,-0.3,-4.8,
2,2019-01-02 12:51:51,2019-01-02 12:52:05,5,0.24,1,N,93,93,4,-3.0,0.0,-0.5,0.0,0.0,-0.3,-3.8,
2,2019-01-02 13:21:02,2019-01-02 13:24:38,1,0.79,1,N,236,239,3,-4.5,0.0,-0.5,0.0,0.0,-0.3,-5.3,
2,2019-01-02 13:45:18,2019-01-02 13:52:23,2,0.61,1,N,88,209,4,-5.5,0.0,-0.5,0.0,0.0,-0.3,-6.3,
2,2019-01-02 13:37:20,2019-01-02 13:40:59,1,0.28,1,N,162,161,4,-4.0,0.0,-0.5,0.0,0.0,-0.3,-4.8,
2,2019-01-02 13:07:18,2019-01-02 13:16:53,1,0.82,1,N,113,125,3,-6.5,0.0,-0.5,0.0,0.0,-0.3,-7.3,
2,2019-01-02 13:57:04,2019-01-02 14:00:17,1,0.4,1,N,142,143,3,-4.0,0.0,-0.5,0.0,0.0,-0.3,-4.8,
2,2019-01-02 13:38:35,2019-01-02 13:55:33,1,2.44,1,N,239,161,4,-13.0,0.0,-0.5,0.0,0.0,-0.3,-13.8,
2,2019-01-02 13:07:41,2019-01-02 13:07:45,1,0.02,2,N,264,163,4,-52.0,0.0,-0.5,0.0,0.0,-0.3,-52.8,
2,2019-01-02 13:25:49,2019-01-02 13:26:40,2,0.0,3,N,68,68,3,-20.0,0.0,0.0,0.0,0.0,-0.3,-20.3,
2,2019-01-02 14:53:24,2019-01-02 14:55:19,1,0.14,1,N,43,43,4,-3.5,0.0,-0.5,0.0,0.0,-0.3,-4.3,
2,2019-01-02 14:23:43,2019-01-02 14:23:54,2,0.01,2,N,100,100,3,-52.0,0.0,-0.5,0.0,0.0,-0.3,-52.8,
2,2019-01-02 14:09:43,2019-01-02 14:13:07,2,0.58,1,N,236,236,3,-4.5,0.0,-0.5,0.0,0.0,-0.3,-5.3,
2,2019-01-02 14:30:50,2019-01-02 14:31:20,1,0.15,1,N,161,161,2,-2.5,0.0,-0.5,0.0,0.0,-0.3,-3.3,
2,2019-01-02 14:07:21,2019-01-02 14:13:24,6,0.98,1,N,164,161,3,-6.0,0.0,-0.5,0.0,0.0,-0.3,-6.8,
2,2019-01-02 13:58:02,2019-01-02 14:06:23,2,0.73,1,N,137,137,3,-6.5,0.0,-0.5,0.0,0.0,-0.3,-7.3,
2,2019-01-02 14:28:46,2019-01-02 14:29:09,1,0.0,1,N,7,7,3,-2.5,0.0,-0.5,0.0,0.0,-0.3,-3.3,
2,2019-01-02 14:11:39,2019-01-02 14:31:18,1,3.85,1,N,234,145,4,-16.5,0.0,-0.5,0.0,-5.76,-0.3,-23.06,
2,2019-01-02 14:13:15,2019-01-02 14:22:06,1,0.91,1,N,170,100,4,-7.5,0.0,-0.5,0.0,0.0,-0.3,-8.3,
2,2019-01-02 14:17:59,2019-01-02 14:18:10,1,0.0,1,N,234,107,4,-2.5,0.0,-0.5,0.0,0.0,-0.3,-3.3,
2,2019-01-02 14:08:33,2019-01-02 14:30:18,2,3.79,1,N,162,151,4,-17.0,0.0,-0.5,0.0,0.0,-0.3,-17.8,
2,2019-01-02 14:09:00,2019-01-02 14:09:29,2,0.0,1,N,164,164,3,-2.5,0.0,-0.5,0.0,0.0,-0.3,-3.3,
2,2019-01-02 14:20:50,2019-01-02 14:25:01,1,0.51,1,N,161,161,4,-4.5,0.0,-0.5,0.0,0.0,-0.3,-5.3,
2,2019-01-02 14:49:55,2019-01-02 14:59:58,1,0.62,1,N,68,100,3,-7.5,0.0,-0.5,0.0,0.0,-0.3,-8.3,
2,2019-01-02 14:05:43,2019-01-02 14:10:30,1,1.07,1,N,143,143,2,-5.5,0.0,-0.5,0.0,0.0,-0.3,-6.3,
2,2019-01-02 15:16:15,2019-01-02 15:16:23,1,0.02,1,N,229,229,3,-2.5,0.0,-0.5,0.0,0.0,-0.3,-3.3,
2,2019-01-02 15:09:03,2019-01-02 15:13:11,2,0.41,1,N,161,161,4,-4.5,0.0,-0.5,0.0,0.0,-0.3,-5.3,
2,2019-01-02 15:49:13,2019-01-02 15:55:43,1,1.24,1,N,237,238,4,-7.0,0.0,-0.5,0.0,0.0,-0.3,-7.8,
2,2019-01-02 15:59:17,2019-01-02 15:59:56,1,0.08,2,N,162,162,3,-52.0,0.0,-0.5,0.0,0.0,-0.3,-52.8,
2,2019-01-02 15:49:34,2019-01-02 15:49:47,2,0.0,2,N,161,161,4,-52.0,0.0,-0.5,0.0,-5.76,-0.3,-58.56,
2,2019-01-02 15:01:27,2019-01-02 15:01:31,5,0.01,3,N,264,264,3,-20.0,0.0,0.0,0.0,0.0,-0.3,-20.3,
2,2019-01-02 14:55:18,2019-01-02 14:55:22,1,0.0,1,N,264,231,3,-2.5,0.0,-0.5,0.0,0.0,-0.3,-3.3,
2,2019-01-02 15:52:18,2019-01-02 16:00:49,1,0.62,1,N,186,100,2,-6.5,0.0,-0.5,0.0,0.0,-0.3,-7.3,
2,2019-01-02 15:00:26,2019-01-02 15:05:55,1,0.89,1,N,142,239,4,-6.0,0.0,-0.5,0.0,0.0,-0.3,-6.8,
2,2019-01-02 15:44:17,2019-01-02 15:47:53,1,0.3,2,N,164,164,2,-52.0,0.0,-0.5,0.0,-5.76,-0.3,-58.56,
2,2019-01-02 15:00:57,2019-01-02 15:10:35,2,0.91,1,N,163,161,4,-7.5,0.0,-0.5,0.0,0.0,-0.3,-8.3,
2,2019-01-02 15:40:25,2019-01-02 15:59:58,1,3.03,1,N,79,66,2,-15.0,0.0,-0.5,0.0,0.0,-0.3,-15.8,
2,2019-01-02 15:15:29,2019-01-02 15:15:50,1,0.0,1,N,236,236,3,-2.5,0.0,-0.5,0.0,0.0,-0.3,-3.3,
2,2019-01-02 15:13:12,2019-01-02 15:21:25,1,0.81,1,N,163,142,3,-7.0,0.0,-0.5,0.0,0.0,-0.3,-7.8,
2,2019-01-02 15:22:14,2019-01-02 15:23:05,1,0.05,1,N,45,45,3,-2.5,0.0,-0.5,0.0,0.0,-0.3,-3.3,
2,2019-01-02 16:50:43,2019-01-02 16:51:28,2,0.17,1,N,162,162,4,-2.5,-1.0,-0.5,0.0,0.0,-0.3,-4.3,
2,2019-01-02 16:32:05,2019-01-02 16:40:05,1,1.38,1,N,142,141,2,-7.5,-1.0,-0.5,0.0,0.0,-0.3,-9.3,
2,2019-01-02 16:30:11,2019-01-02 16:34:43,6,0.74,1,N,140,141,3,-5.0,-1.0,-0.5,0.0,0.0,-0.3,-6.8,
2,2019-01-02 16:20:14,2019-01-02 16:20:57,6,0.06,1,N,193,193,3,-2.5,-1.0,-0.5,0.0,0.0,-0.3,-4.3,
2,2019-01-02 16:29:09,2019-01-02 16:34:53,1,0.53,1,N,146,146,2,-5.5,-1.0,-0.5,0.0,0.0,-0.3,-7.3,
2,2019-01-02 16:08:44,2019-01-02 16:10:08,2,0.19,1,N,230,230,2,-3.0,-1.0,-0.5,0.0,0.0,-0.3,-4.8,
2,2019-01-02 16:18:56,2019-01-02 16:21:42,2,0.25,1,N,161,162,2,-4.0,-1.0,-0.5,0.0,0.0,-0.3,-5.8,
2,2019-01-02 16:35:12,2019-01-02 16:35:24,1,0.05,5,N,48,48,3,-1.49,0.0,-0.5,0.0,0.0,-0.3,-2.29,
2,2019-01-02 16:02:27,2019-01-02 16:02:51,6,0.13,1,N,238,238,4,-2.5,-1.0,-0.5,0.0,0.0,-0.3,-4.3,
2,2019-01-02 16:11:12,2019-01-02 16:16:30,1,0.97,1,N,161,234,4,-5.5,-1.0,-0.5,0.0,0.0,-0.3,-7.3,
2,2019-01-02 17:30:47,2019-01-02 17:34:25,2,0.33,1,N,163,230,4,-4.0,-1.0,-0.5,0.0,0.0,-0.3,-5.8,
2,2019-01-02 17:17:06,2019-01-02 17:19:41,2,0.6,1,N,79,79,4,-4.0,-1.0,-0.5,0.0,0.0,-0.3,-5.8,
2,2019-01-02 17:50:05,2019-01-02 17:50:08,1,0.0,5,N,264,87,4,-15.3,0.0,0.0,0.0,0.0,-0.3,-15.6,
2,2019-01-02 17:00:43,2019-01-02 17:02:07,1,0.18,1,N,168,168,4,-3.0,-1.0,-0.5,0.0,0.0,-0.3,-4.8,
2,2019-01-02 17:41:22,2019-01-02 17:41:40,2,0.05,1,N,237,237,3,-2.5,-1.0,-0.5,0.0,0.0,-0.3,-4.3,
2,2019-01-02 17:13:17,2019-01-02 17:14:10,1,0.01,1,N,162,162,3,-2.5,-1.0,-0.5,0.0,0.0,-0.3,-4.3,
2,2019-01-02 17:32:52,2019-01-02 17:38:31,1,1.07,1,N,231,45,4,-6.0,-1.0,-0.5,0.0,0.0,-0.3,-7.8,
2,2019-01-02 17:57:16,2019-01-02 17:59:22,6,0.26,1,N,43,142,4,-3.5,-1.0,-0.5,0.0,0.0,-0.3,-5.3,
2,2019-01-02 17:29:16,2019-01-02 17:29:33,3,0.03,1,N,163,161,3,-2.5,-1.0,-0.5,0.0,0.0,-0.3,-4.3,
2,2019-01-02 17:40:43,2019-01-02 17:41:40,1,0.0,1,N,144,144,4,-2.5,-1.0,-0.5,0.0,0.0,-0.3,-4.3,
2,2019-01-02 17:57:11,2019-01-02 17:58:33,2,0.17,1,N,113,113,3,-3.0,-1.0,-0.5,0.0,0.0,-0.3,-4.8,
2,2019-01-02 18:19:15,2019-01-02 18:24:40,2,0.6,1,N,230,48,4,-5.0,-1.0,-0.5,0.0,0.0,-0.3,-6.8,
2,2019-01-02 18:26:42,2019-01-02 18:29:06,1,0.16,1,N,48,230,4,-3.5,-1.0,-0.5,0.0,0.0,-0.3,-5.3,
2,2019-01-02 18:43:47,2019-01-02 18:44:18,1,0.05,1,N,163,163,4,-2.5,-1.0,-0.5,0.0,0.0,-0.3,-4.3,
2,2019-01-02 18:40:30,2019-01-02 18:42:25,1,0.0,1,N,161,161,3,-3.0,-1.0,-0.5,0.0,0.0,-0.3,-4.8,
2,2019-01-02 18:27:01,2019-01-02 18:27:04,5,0.0,2,N,4,4,3,-52.0,-4.5,-0.5,0.0,0.0,-0.3,-57.3,
2,2019-01-02 18:57:24,2019-01-02 19:35:40,1,18.62,2,N,132,246,2,-52.0,-4.5,-0.5,0.0,-5.76,-0.3,-63.06,
2,2019-01-02 18:24:02,2019-01-02 18:34:35,3,1.4,1,N,163,234,4,-8.0,-0.5,-0.5,0.0,0.0,-0.3,-9.3,
2,2019-01-02 18:30:57,2019-01-02 18:32:18,3,0.03,1,N,68,90,3,-3.0,-1.0,-0.5,0.0,0.0,-0.3,-4.8,
2,2019-01-02 18:36:13,2019-01-02 18:36:34,1,0.02,1,N,132,132,3,-2.5,-1.0,-0.5,0.0,0.0,-0.3,-4.3,
2,2019-01-02 18:10:03,2019-01-02 18:10:23,1,0.0,1,N,129,129,3,-2.5,-1.0,-0.5,0.0,0.0,-0.3,-4.3,
2,2019-01-02 18:07:07,2019-01-02 18:07:28,1,0.0,1,N,162,162,4,-2.5,-1.0,-0.5,0.0,0.0,-0.3,-4.3,
2,2019-01-02 18:48:28,2019-01-02 18:51:30,1,0.0,1,N,7,193,3,-2.5,-1.0,-0.5,0.0,0.0,-0.3,-4.3,
2,2019-01-02 18:39:59,2019-01-02 18:48:26,1,0.77,1,N,170,170,3,-6.5,-1.0,-0.5,0.0,0.0,-0.3,-8.3,
2,2019-01-02 18:14:21,2019-01-02 18:18:07,1,0.77,1,N,137,79,3,-5.0,-1.0,-0.5,0.0,0.0,-0.3,-6.8,
2,2019-01-02 19:35:24,2019-01-02 19:36:03,2,0.0,1,N,164,186,4,-2.5,-1.0,-0.5,0.0,0.0,-0.3,-4.3,
2,2019-01-02 19:14:09,2019-01-02 19:17:11,1,0.61,1,N,151,238,3,-4.5,-1.0,-0.5,0.0,0.0,-0.3,-6.3,
2,2019-01-02 19:41:28,2019-01-02 19:46:29,1,0.78,1,N,170,107,3,-5.5,-1.0,-0.5,0.0,0.0,-0.3,-7.3,
2,2019-01-02 19:40:58,2019-01-02 19:44:44,1,0.51,1,N,237,141,3,-4.5,-1.0,-0.5,0.0,-1.0,-0.3,-7.3,
2,2019-01-02 19:28:33,2019-01-02 19:29:49,1,0.0,1,N,265,265,3,-3.0,-1.0,-0.5,0.0,0.0,-0.3,-4.8,
2,2019-01-02 20:25:37,2019-01-02 20:50:53,1,4.96,1,N,161,42,4,-20.5,-0.5,-0.5,0.0,0.0,-0.3,-21.8,
2,2019-01-02 20:25:48,2019-01-02 20:30:17,1,0.95,1,N,211,209,4,-5.0,-0.5,-0.5,0.0,0.0,-0.3,-6.3,
2,2019-01-02 20:25:42,2019-01-02 20:30:40,2,0.94,1,N,33,25,4,-5.5,-0.5,-0.5,0.0,0.0,-0.3,-6.8,
2,2019-01-02 20:00:56,2019-01-02 20:01:05,1,0.01,1,N,170,170,3,-2.5,-0.5,-0.5,0.0,0.0,-0.3,-3.8,
2,2019-01-02 20:05:17,2019-01-02 20:07:20,3,0.17,1,N,186,100,3,-3.5,-0.5,-0.5,0.0,0.0,-0.3,-4.8,
2,2019-01-02 19:59:57,2019-01-02 20:18:43,4,2.56,1,N,114,230,3,-13.0,-0.5,-0.5,0.0,0.0,-0.3,-14.3,
2,2019-01-02 20:58:18,2019-01-02 20:58:21,1,0.0,5,N,237,237,4,-6.8,0.0,0.0,-1.42,0.0,-0.3,-8.52,
2,2019-01-02 20:51:46,2019-01-02 20:51:50,5,0.01,1,N,264,132,4,-2.5,-0.5,-0.5,0.0,0.0,-0.3,-3.8,
2,2019-01-02 20:06:01,2019-01-02 20:07:27,1,0.2,1,N,146,146,4,-3.0,-0.5,-0.5,0.0,0.0,-0.3,-4.3,
2,2019-01-02 20:08:04,2019-01-02 20:11:54,1,0.93,1,N,137,224,3,-5.0,-0.5,-0.5,0.0,0.0,-0.3,-6.3,
2,2019-01-02 20:08:58,2019-01-02 20:15:51,1,0.92,1,N,162,100,3,-6.5,-0.5,-0.5,0.0,0.0,-0.3,-7.8,
2,2019-01-02 20:51:53,2019-01-02 20:54:50,1,0.76,1,N,186,246,3,-4.5,-0.5,-0.5,0.0,0.0,-0.3,-5.8,
2,2019-01-02 21:09:44,2019-01-02 21:10:56,1,0.47,1,N,233,137,4,-3.5,-0.5,-0.5,0.0,0.0,-0.3,-4.8,
2,2019-01-02 21:43:52,2019-01-02 21:45:10,1,0.12,1,N,163,230,4,-3.0,-0.5,-0.5,0.0,0.0,-0.3,-4.3,
2,2019-01-02 21:53:13,2019-01-02 21:57:59,5,0.73,1,N,79,4,4,-5.0,-0.5,-0.5,0.0,0.0,-0.3,-6.3,
2,2019-01-02 21:44:38,2019-01-02 21:46:14,1,0.21,1,N,264,75,3,-3.0,-0.5,-0.5,0.0,0.0,-0.3,-4.3,
2,2019-01-02 21:38:52,2019-01-02 21:48:04,1,6.65,1,N,262,88,2,-19.0,-0.5,-0.5,0.0,0.0,-0.3,-20.3,
2,2019-01-02 21:23:39,2019-01-02 21:26:10,1,0.43,1,N,249,158,4,-4.0,-0.5,-0.5,0.0,0.0,-0.3,-5.3,
2,2019-01-02 21:20:37,2019-01-02 21:41:44,2,2.14,1,N,230,237,4,-14.5,-0.5,-0.5,0.0,0.0,-0.3,-15.8,
2,2019-01-02 21:13:55,2019-01-02 21:30:14,1,3.14,1,N,48,237,3,-14.0,-0.5,-0.5,0.0,0.0,-0.3,-15.3,
2,2019-01-02 21:09:57,2019-01-02 21:17:09,1,0.33,2,N,264,264,3,-52.0,0.0,-0.5,0.0,0.0,-0.3,-52.8,
2,2019-01-02 22:28:06,2019-01-02 22:31:22,1,0.34,1,N,144,45,4,-4.0,-0.5,-0.5,0.0,0.0,-0.3,-5.3,
2,2019-01-02 22:56:56,2019-01-02 23:00:50,1,0.83,1,N,79,234,3,-5.0,-0.5,-0.5,0.0,0.0,-0.3,-6.3,
2,2019-01-02 22:29:10,2019-01-02 22:31:48,1,0.0,1,N,90,90,4,-2.5,-0.5,-0.5,0.0,0.0,-0.3,-3.8,
2,2019-01-02 22:03:19,2019-01-02 22:13:40,1,1.73,1,N,237,229,4,-9.0,-0.5,-0.5,0.0,0.0,-0.3,-10.3,
2,2019-01-02 22:16:53,2019-01-02 22:17:00,1,0.0,2,N,132,132,4,-52.0,0.0,-0.5,0.0,0.0,-0.3,-52.8,
2,2019-01-02 22:32:59,2019-01-02 22:33:58,1,0.1,1,N,138,138,4,-3.0,-0.5,-0.5,0.0,0.0,-0.3,-4.3,
2,2019-01-02 22:51:18,2019-01-02 22:52:06,1,0.0,1,N,138,138,3,-2.5,-0.5,-0.5,0.0,0.0,-0.3,-3.8,
2,2019-01-02 22:23:31,2019-01-02 22:25:48,1,0.41,1,N,170,161,4,-3.5,-0.5,-0.5,0.0,0.0,-0.3,-4.8,
2,2019-01-02 22:03:01,2019-01-02 22:11:01,2,0.99,1,N,230,142,3,-7.0,-0.5,-0.5,-2.49,0.0,-0.3,-10.79,
2,2019-01-02 22:32:25,2019-01-02 22:33:54,1,0.3,1,N,234,90,3,-3.0,-0.5,-0.5,0.0,0.0,-0.3,-4.3,
2,2019-01-02 22:44:33,2019-01-02 22:49:40,1,0.88,1,N,230,68,3,-5.5,-0.5,-0.5,0.0,0.0,-0.3,-6.8,
2,2019-01-02 23:56:06,2019-01-02 23:58:57,1,0.55,1,N,140,237,3,-4.0,-0.5,-0.5,0.0,0.0,-0.3,-5.3,
2,2019-01-02 23:48:55,2019-01-02 23:53:54,1,0.0,5,N,164,164,4,-55.0,0.0,-0.5,0.0,0.0,-0.3,-55.8,
2,2019-01-02 23:28:39,2019-01-02 23:52:19,1,13.33,1,N,140,28,2,-37.5,-0.5,-0.5,0.0,0.0,-0.3,-38.8,
2,2019-01-02 23:16:30,2019-01-02 23:41:33,1,11.3,1,N,132,72,4,-33.5,-0.5,-0.5,0.0,0.0,-0.3,-34.8,
2,2019-01-02 23:48:39,2019-01-02 23:49:14,1,0.09,1,N,181,97,3,-2.5,-0.5,-0.5,0.0,0.0,-0.3,-3.8,
2,2019-01-02 23:34:22,2019-01-02 23:51:12,2,10.32,1,N,138,235,4,-29.0,-0.5,-0.5,0.0,-5.76,-0.3,-36.06,
2,2019-01-03 00:45:47,2019-01-03 00:46:27,2,0.18,1,N,231,231,3,-3.0,-0.5,-0.5,0.0,0.0,-0.3,-4.3,
2,2019-01-03 00:50:16,2019-01-03 00:50:38,1,0.03,1,N,114,79,4,-2.5,-0.5,-0.5,0.0,0.0,-0.3,-3.8,
2,2019-01-03 00:37:03,2019-01-03 00:42:36,1,0.68,1,N,68,186,4,-5.0,-0.5,-0.5,0.0,0.0,-0.3,-6.3,
2,2019-01-02 23:58:05,2019-01-03 00:00:09,1,0.17,1,N,114,114,4,-3.5,-0.5,-0.5,0.0,0.0,-0.3,-4.8,
2,2019-01-03 00:24:53,2019-01-03 00:26:02,1,0.33,1,N,132,132,3,-3.0,-0.5,-0.5,0.0,0.0,-0.3,-4.3,
2,2019-01-03 00:09:04,2019-01-03 00:09:16,1,0.04,1,N,265,244,3,-2.5,-0.5,-0.5,0.0,0.0,-0.3,-3.8,
2,2019-01-03 01:01:41,2019-01-03 01:02:14,5,0.01,1,N,13,13,4,-2.5,-0.5,-0.5,0.0,0.0,-0.3,-3.8,
2,2019-01-03 00:57:33,2019-01-03 00:57:54,1,0.07,1,N,231,231,4,-2.5,-0.5,-0.5,0.0,0.0,-0.3,-3.8,
2,2019-01-03 01:17:30,2019-01-03 01:17:45,1,0.03,1,N,193,193,3,-2.5,-0.5,-0.5,0.0,0.0,-0.3,-3.8,
2,2019-01-03 01:14:01,2019-01-03 01:18:47,1,0.45,1,N,164,170,4,-5.0,-0.5,-0.5,0.0,0.0,-0.3,-6.3,
2,2019-01-03 02:24:08,2019-01-03 02:43:28,1,6.71,1,N,249,226,4,-21.5,-0.5,-0.5,0.0,0.0,-0.3,-22.8,
2,2019-01-03 02:49:16,2019-01-03 02:56:58,1,0.91,1,N,249,68,3,-6.5,-0.5,-0.5,0.0,0.0,-0.3,-7.8,
2,2019-01-03 02:47:27,2019-01-03 02:47:38,2,0.01,1,N,264,230,3,-2.5,-0.5,-0.5,0.0,0.0,-0.3,-3.8,
2,2019-01-03 02:38:02,2019-01-03 02:41:19,1,0.92,1,N,48,230,3,-5.0,-0.5,-0.5,0.0,0.0,-0.3,-6.3,
2,2019-01-03 02:34:26,2019-01-03 02:37:57,1,0.52,1,N,263,236,3,-4.5,-0.5,-0.5,0.0,0.0,-0.3,-5.8,
2,2019-01-03 03:25:37,2019-01-03 03:26:26,2,0.01,1,N,234,107,4,-2.5,-0.5,-0.5,0.0,0.0,-0.3,-3.8,
2,2019-01-03 04:28:35,2019-01-03 04:31:05,1,0.09,1,N,79,79,3,-3.5,-0.5,-0.5,0.0,0.0,-0.3,-4.8,
2,2019-01-03 04:22:05,2019-01-03 04:44:54,4,4.96,1,N,79,37,4,-19.5,-0.5,-0.5,0.0,0.0,-0.3,-20.8,
2,2019-01-03 04:27:56,2019-01-03 04:28:45,1,0.27,1,N,179,7,4,-3.0,-0.5,-0.5,0.0,0.0,-0.3,-4.3,
2,2019-01-03 05:44:17,2019-01-03 05:44:21,1,0.0,1,N,264,254,3,-2.5,-0.5,-0.5,0.0,0.0,-0.3,-3.8,
2,2019-01-03 05:15:39,2019-01-03 05:16:21,2,0.03,1,N,151,151,3,-2.5,-0.5,-0.5,0.0,0.0,-0.3,-3.8,
2,2019-01-03 05:45:04,2019-01-03 05:45:42,1,0.02,1,N,48,230,3,-2.5,-0.5,-0.5,0.0,0.0,-0.3,-3.8,
2,2019-01-03 05:53:15,2019-01-03 05:53:24,1,0.0,5,N,182,182,3,-41.55,0.0,-0.5,0.0,0.0,-0.3,-42.35,
2,2019-01-03 05:48:54,2019-01-03 05:49:22,2,0.09,1,N,132,132,3,-2.5,-0.5,-0.5,0.0,0.0,-0.3,-3.8,
2,2019-01-03 05:59:33,2019-01-03 05:59:57,5,0.07,1,N,132,132,3,-2.5,-0.5,-0.5,0.0,0.0,-0.3,-3.8,
2,2019-01-03 06:22:59,2019-01-03 06:23:28,1,0.0,1,N,229,229,3,-2.5,0.0,-0.5,0.0,0.0,-0.3,-3.3,
2,2019-01-03 06:25:54,2019-01-03 06:26:13,1,0.01,1,N,249,249,4,-2.5,0.0,-0.5,0.0,0.0,-0.3,-3.3,
2,2019-01-03 06:11:52,2019-01-03 06:22:03,1,2.77,1,N,246,43,4,-10.5,0.0,-0.5,0.0,0.0,-0.3,-11.3,
2,2019-01-03 06:40:05,2019-01-03 06:40:13,1,0.03,1,N,113,113,4,-2.5,0.0,-0.5,0.0,0.0,-0.3,-3.3,
2,2019-01-03 06:47:02,2019-01-03 06:47:16,1,0.06,1,N,163,230,3,-2.5,0.0,-0.5,0.0,0.0,-0.3,-3.3,
2,2019-01-03 06:49:45,2019-01-03 06:51:31,1,0.4,1,N,234,234,3,-3.5,0.0,-0.5,0.0,0.0,-0.3,-4.3,
2,2019-01-03 06:32:43,2019-01-03 06:32:53,5,0.06,1,N,248,248,4,-2.5,0.0,-0.5,0.0,0.0,-0.3,-3.3,
2,2019-01-03 07:32:29,2019-01-03 07:35:28,1,0.5,1,N,7,179,3,-4.0,0.0,-0.5,0.0,0.0,-0.3,-4.8,
2,2019-01-03 07:36:13,2019-01-03 07:36:38,3,0.03,1,N,229,229,3,-2.5,0.0,-0.5,0.0,0.0,-0.3,-3.3,
2,2019-01-03 07:44:36,2019-01-03 07:44:44,1,0.0,1,N,85,85,3,-2.5,0.0,-0.5,0.0,0.0,-0.3,-3.3,
2,2019-01-03 07:36:41,2019-01-03 07:39:57,1,0.56,1,N,239,238,3,-4.5,0.0,-0.5,0.0,0.0,-0.3,-5.3,
2,2019-01-03 06:57:26,2019-01-03 06:57:37,2,0.0,1,N,76,76,3,-2.5,0.0,-0.5,0.0,0.0,-0.3,-3.3,
2,2019-01-03 07:22:26,2019-01-03 08:16:23,1,15.75,1,N,132,179,2,-50.0,0.0,-0.5,0.0,0.0,-0.3,-50.8,
2,2019-01-03 07:05:42,2019-01-03 07:05:50,1,0.0,1,N,76,76,3,-2.5,0.0,-0.5,0.0,0.0,-0.3,-3.3,
2,2019-01-03 07:22:52,2019-01-03 07:23:01,1,0.0,1,N,264,74,4,-2.5,0.0,-0.5,0.0,0.0,-0.3,-3.3,
2,2019-01-03 07:16:43,2019-01-03 07:16:56,6,0.06,1,N,168,168,3,-2.5,0.0,-0.5,0.0,0.0,-0.3,-3.3,
2,2019-01-03 07:53:13,2019-01-03 07:53:31,1,0.06,1,N,161,161,3,-2.5,0.0,-0.5,0.0,0.0,-0.3,-3.3,
2,2019-01-03 07:38:27,2019-01-03 07:38:27,1,0.0,1,N,264,21,3,-2.5,0.0,-0.5,0.0,0.0,-0.3,-3.3,
2,2019-01-03 07:32:12,2019-01-03 07:37:56,1,1.1,1,N,142,163,4,-6.0,0.0,-0.5,0.0,0.0,-0.3,-6.8,
2,2019-01-03 07:37:03,2019-01-03 07:37:21,1,0.27,2,N,132,132,4,-52.0,0.0,-0.5,0.0,-5.76,-0.3,-58.56,
2,2019-01-03 07:40:19,2019-01-03 07:42:48,1,0.39,1,N,264,264,3,-4.0,0.0,-0.5,0.0,0.0,-0.3,-4.8,
2,2019-01-03 07:47:34,2019-01-03 08:19:20,0,0.02,5,N,180,180,4,-0.1,0.0,0.0,0.0,0.0,-0.3,-0.4,
2,2019-01-03 08:20:46,2019-01-03 08:25:18,1,0.71,1,N,142,239,4,-5.0,0.0,-0.5,0.0,0.0,-0.3,-5.8,
2,2019-01-03 08:09:55,2019-01-03 08:12:52,1,0.6,1,N,75,75,4,-4.0,0.0,-0.5,0.0,0.0,-0.3,-4.8,
2,2019-01-03 08:43:54,2019-01-03 08:49:53,1,0.91,1,N,162,233,4,-6.0,0.0,-0.5,0.0,0.0,-0.3,-6.8,
2,2019-01-03 08:21:21,2019-01-03 08:22:47,1,0.04,3,N,233,233,3,-20.5,0.0,0.0,0.0,0.0,-0.3,-20.8,
